{"_FirstTimeOpened":"false","_AdminName":["Filip Kaduch | Instarea"],"_TargetProcessUrl":"https://instarea.tpondemand.com/","_ProjectNames":["Adastra Marketing (pre hornu Adastru)","Adastra Projects","Adastra Sales","APA Marketing","Callinspector - Slovenske Elektrarne","Callinspector Mobile","Callinspector TEM tool","CSOBL JPP eCard","GDPR &amp; Data Protection","General wrapper","GPU Database","Invest button","Is. Internal","Is. Projects","Is. Sales","Is. Support","Market Locator - Adalytics &amp; Reporting","Market Locator - O2SK","Market Locator - OSK","Market Locator - STSK","Market Locator - TMCZ","Market Locator - TMPL","Market Locator Ideas","Market Locator SW","MobileCrowdspector"],"_ProjectIds":["279","736","225","255","501","219","218","1475","13206","721","14583","675","254","2705","256","485","6054","4764","4763","4765","12760","9586","12845","215","11594"]}